CREATE TABLE DEPOSIT (ACCNO INT, CNAME VARCHAR(50), BNAME VARCHAR(50), AMOUNT DECIMAL(8,2), ADATE DATETIME);

CREATE TABLE BRANCH (BNAME VARCHAR(50), CITY VARCHAR(50));

CREATE TABLE CUSTOMERS (CNAME VARCHAR(50), CITY VARCHAR(50));

CREATE TABLE BORROW (LOADNO INT, CNAME VARCHAR(50), BNAME VARCHAR(50), AMOUNT DECIMAL(8,2));







INSERT INTO CUSTOMERS VALUES ('ANIL', 'CALCUTA');
INSERT INTO CUSTOMERS VALUES ('SUNIL', 'DELHI');
INSERT INTO CUSTOMERS VALUES ('MEHUL', 'BARODA');
INSERT INTO CUSTOMERS VALUES ('MANDAR', 'PATNA');
INSERT INTO CUSTOMERS VALUES ('MADHURI', 'NAGPUR');
INSERT INTO CUSTOMERS VALUES ('PRMOD', 'NAGPUR');
INSERT INTO CUSTOMERS VALUES ('SANDIP', 'SURAT');
INSERT INTO CUSTOMERS VALUES ('SHVANI', 'BOMBAY');
INSERT INTO CUSTOMERS VALUES ('KRANTI', 'BOMBAY');
INSERT INTO CUSTOMERS VALUES ('NAREN', 'BOMBAY');




INSERT INTO DEPOSIT VALUES (101, 'ANIL', 'VRCE', 1000, '1-3-95');
INSERT INTO DEPOSIT VALUES (102, 'SUNIL', 'AJNI', 5000, '4-1-96');
INSERT INTO DEPOSIT VALUES (103, 'MEHUL', 'KAROLBAGH', 3500, '17-11-85');
INSERT INTO DEPOSIT VALUES (104, 'MADHURI', 'CHANDI', 1200, '17-11-95');
INSERT INTO DEPOSIT VALUES (105, 'PRMOD', 'M. G. ROAD', 3000, '27-3-96');
INSERT INTO DEPOSIT VALUES (106, 'SANDIP', 'ANDHERI', 2000, '31-3-96');
INSERT INTO DEPOSIT VALUES (107, 'SHVANI', 'VIRAR', 1000, '2-7-95');
INSERT INTO DEPOSIT VALUES (108, 'KRANTI', 'NEHRU PLACE', 5000, '2-7-95');
INSERT INTO DEPOSIT VALUES (109, 'MINU', 'POWAI', 7000, '10-8-95');



INSERT INTO BRANCH VALUES ('VRCE', 'NAGPUR');
INSERT INTO BRANCH VALUES ('AJNI', 'NAGPUR');
INSERT INTO BRANCH VALUES ('KAROLBAGH', 'DELHI');
INSERT INTO BRANCH VALUES ('CHANDI', 'DELHI');
INSERT INTO BRANCH VALUES ('M. G. ROAD', 'BANGLORE');
INSERT INTO BRANCH VALUES ('ANDHERI', 'BOMBAY');
INSERT INTO BRANCH VALUES ('VIRAR', 'BOMBAY');
INSERT INTO BRANCH VALUES ('NEHRU PLACE', 'DELHI');
INSERT INTO BRANCH VALUES ('POWAI', 'BOMBAY');



INSERT INTO BORROW VALUES (201, 'ANIL', 'VRCE', 1000);
INSERT INTO BORROW VALUES (206, 'MEHUL', 'AJNI', 5000);
INSERT INTO BORROW VALUES (311, 'SUNIL', 'DHARAMPETH', 3000);
INSERT INTO BORROW VALUES (321, 'MADHURI', 'ANDHERI', 2000);
INSERT INTO BORROW VALUES (375, 'PRAMOD', 'VIRAR', 8000);
INSERT INTO BORROW VALUES (481, 'KRANTI', 'NEHRU PLACE', 3000);

















Hello@123
hELLO@123

sqlcmd -S 192.168.128.3 -U SA -P root

sqlcmd -S localhost -U sa -P 'Hello@123'

sqlcmd -S 192.168.128.3 -U SA -P 'Hello@123'


157.173.218.199:1433